{
   "name": "host-connector-widget",
   "description": "Connects the contents of the development window to the AxDeveloperToolsWidget",

   "integration": {
      "technology": "angular",
      "type": "widget"
   },

   "features": {
      "$schema": "http://json-schema.org/draft-04/schema#",
      "type": "object",
      "properties": {
         "events": {
            "type": "object",
            "description": "Publish a stream of event bus activity through wrapper events.",
            "properties": {
               "stream": {
                  "type": "string",
                  "description": "The topic through which to publish event items.",
                  "default": null
               }
            }
         },
         "log": {
            "type": "object",
            "description": "Publish a stream of log items through wrapper events.",
            "properties": {
               "stream": {
                  "type": "string",
                  "description": "The topic through which to publish log items.",
                  "default": null
               }
            }
         },
         "pageInfo": {
            "type": "object",
            "description": "Publish the current page for inspection.",
            "properties": {
               "resource": {
                  "type": "string",
                  "description": "The topic through which to publish the current page.",
                  "default": null
               }
            }
         },
         "grid": {
            "type": "object",
            "description": "Publish application-specific grid configuration set by the host application.",
            "properties": {
               "resource": {
                  "type": "string",
                  "description": "A resource through which to publish grid settings.",
                  "default": null
               }
            }
         },
         "development": {
            "type": "object",
            "properties": {
               "liveReload": {
                  "type": "boolean",
                  "default": true
               }
            }
         },
         "laxarApplication": {
            "type": "object",
            "description": "Publish the state of the inspected window. True if a LaxarJS application is running.",
            "required": [ "flag" ],
            "properties": {
               "flag": {
                  "type": "string",
                  "format": "flag-topic",
                  "description": "The topic through which to publish the current state."
               }
            }
         }
      }
   }
}
