{
   "flows": [
      {
         "path": "application/flow/flow.json",
         "resources": {
            "watch": [
               "."
            ],
            "embed": [
               "."
            ],
            "list": []
         },
         "references": {
            "local": {
               "self": "application/flow/flow.json"
            }
         }
      }
   ],
   "themes": [
      {
         "path": "bower_components/laxar-uikit/dist/themes/default.theme",
         "name": "default.theme",
         "resources": {
            "watch": [
               "css/theme.css"
            ],
            "list": [
               "css/theme.css"
            ],
            "embed": []
         },
         "references": {
            "local": {
               "self": "default.theme"
            }
         }
      }
   ],
   "pages": [
      {
         "path": "application/pages/tools.json",
         "resources": {
            "watch": [
               "."
            ],
            "embed": [
               "."
            ],
            "list": []
         },
         "references": {
            "local": {
               "self": "tools"
            }
         },
         "pages": [],
         "widgets": [
            "host-connector-widget",
            "developer-toolbar-widget",
            "page-inspector-widget",
            "events-display-widget",
            "log-display-widget"
         ]
      }
   ],
   "layouts": [
      {
         "resources": {
            "list": [
               "/application/layouts/tools/default.theme/css/tools.css"
            ],
            "watch": [
               "/application/layouts/tools/default.theme/css/tools.css",
               "/application/layouts/tools/default.theme/tools.html"
            ],
            "embed": [
               "/application/layouts/tools/default.theme/tools.html"
            ]
         },
         "references": {
            "local": {
               "self": "tools"
            }
         }
      }
   ],
   "widgets": [
      {
         "path": "includes/widgets/developer-toolbar-widget",
         "integration": {
            "technology": "angular",
            "type": "widget"
         },
         "resources": {
            "watch": [
               "widget.json",
               "*.theme/developer-toolbar-widget.html",
               "*.theme/css/developer-toolbar-widget.css",
               "developer-toolbar-widget.js"
            ],
            "embed": [
               "widget.json",
               "*.theme/developer-toolbar-widget.html"
            ],
            "list": [
               "*.theme/css/developer-toolbar-widget.css"
            ]
         },
         "references": {
            "local": {
               "self": "developer-toolbar-widget"
            },
            "amd": {
               "self": "../includes/widgets/developer-toolbar-widget",
               "module": "laxar-application/includes/widgets/developer-toolbar-widget/developer-toolbar-widget"
            }
         },
         "controls": [],
         "referencedAs": {
            "byUser": "developer-toolbar-widget",
            "derivedReference": "developer-toolbar-widget"
         }
      },
      {
         "path": "includes/widgets/events-display-widget",
         "integration": {
            "technology": "angular",
            "type": "widget"
         },
         "resources": {
            "watch": [
               "widget.json",
               "*.theme/events-display-widget.html",
               "*.theme/css/events-display-widget.css",
               "events-display-widget.js"
            ],
            "embed": [
               "widget.json",
               "*.theme/events-display-widget.html"
            ],
            "list": [
               "*.theme/css/events-display-widget.css"
            ]
         },
         "references": {
            "local": {
               "self": "events-display-widget"
            },
            "amd": {
               "self": "../includes/widgets/events-display-widget",
               "module": "laxar-application/includes/widgets/events-display-widget/events-display-widget"
            }
         },
         "controls": [
            "laxar-input-control",
            "laxar-affix-control"
         ],
         "referencedAs": {
            "byUser": "events-display-widget",
            "derivedReference": "events-display-widget"
         }
      },
      {
         "path": "includes/widgets/host-connector-widget",
         "integration": {
            "technology": "angular",
            "type": "widget"
         },
         "resources": {
            "watch": [
               "widget.json",
               "*.theme/host-connector-widget.html",
               "*.theme/css/host-connector-widget.css",
               "host-connector-widget.js"
            ],
            "embed": [
               "widget.json",
               "*.theme/host-connector-widget.html"
            ],
            "list": [
               "*.theme/css/host-connector-widget.css"
            ]
         },
         "references": {
            "local": {
               "self": "host-connector-widget"
            },
            "amd": {
               "self": "../includes/widgets/host-connector-widget",
               "module": "laxar-application/includes/widgets/host-connector-widget/host-connector-widget"
            }
         },
         "controls": [],
         "referencedAs": {
            "byUser": "host-connector-widget",
            "derivedReference": "host-connector-widget"
         }
      },
      {
         "path": "includes/widgets/log-display-widget",
         "integration": {
            "technology": "angular",
            "type": "widget"
         },
         "resources": {
            "watch": [
               "widget.json",
               "*.theme/log-display-widget.html",
               "*.theme/css/log-display-widget.css",
               "log-display-widget.js"
            ],
            "embed": [
               "widget.json",
               "*.theme/log-display-widget.html"
            ],
            "list": [
               "*.theme/css/log-display-widget.css"
            ]
         },
         "references": {
            "local": {
               "self": "log-display-widget"
            },
            "amd": {
               "self": "../includes/widgets/log-display-widget",
               "module": "laxar-application/includes/widgets/log-display-widget/log-display-widget"
            }
         },
         "controls": [
            "laxar-affix-control"
         ],
         "referencedAs": {
            "byUser": "log-display-widget",
            "derivedReference": "log-display-widget"
         }
      },
      {
         "path": "includes/widgets/page-inspector-widget",
         "integration": {
            "technology": "react",
            "type": "widget"
         },
         "resources": {
            "watch": [
               "widget.json",
               "*.theme/page-inspector-widget.html",
               "*.theme/css/page-inspector-widget.css",
               "page-inspector-widget.js"
            ],
            "embed": [
               "widget.json",
               "*.theme/page-inspector-widget.html"
            ],
            "list": [
               "*.theme/css/page-inspector-widget.css"
            ]
         },
         "references": {
            "local": {
               "self": "page-inspector-widget"
            },
            "amd": {
               "self": "../includes/widgets/page-inspector-widget",
               "module": "laxar-application/includes/widgets/page-inspector-widget/page-inspector-widget"
            }
         },
         "controls": [],
         "referencedAs": {
            "byUser": "page-inspector-widget",
            "derivedReference": "page-inspector-widget"
         }
      }
   ],
   "controls": [
      {
         "path": "bower_components/laxar-affix-control",
         "integration": {
            "technology": "angular",
            "type": "control"
         },
         "resources": {
            "watch": [
               "*.theme/css/ax-affix-control.css",
               "ax-affix-control.js"
            ],
            "embed": [
               "control.json"
            ],
            "list": [
               "*.theme/css/ax-affix-control.css"
            ]
         },
         "references": {
            "local": {
               "self": "../laxar-affix-control"
            },
            "amd": {
               "self": "laxar-affix-control",
               "module": "laxar-affix-control/ax-affix-control"
            }
         },
         "referencedAs": {
            "byUser": "laxar-affix-control",
            "derivedScheme": "amd",
            "derivedReference": "laxar-affix-control"
         }
      },
      {
         "path": "bower_components/laxar-input-control",
         "integration": {
            "technology": "angular",
            "type": "control"
         },
         "resources": {
            "watch": [
               "*.theme/css/ax-input-control.css",
               "ax-input-control.js"
            ],
            "embed": [
               "control.json"
            ],
            "list": [
               "*.theme/css/ax-input-control.css"
            ]
         },
         "references": {
            "local": {
               "self": "../laxar-input-control"
            },
            "amd": {
               "self": "laxar-input-control",
               "module": "laxar-input-control/ax-input-control"
            }
         },
         "referencedAs": {
            "byUser": "laxar-input-control",
            "derivedScheme": "amd",
            "derivedReference": "laxar-input-control"
         }
      }
   ]
}
