{
   "watch": {
      "main-compass": {
         "files": [
            "bower_components/laxar-uikit/dist/themes/default.theme/scss/*.scss",
            "includes/widgets/developer-toolbar-widget/default.theme/scss/*.scss",
            "includes/widgets/events-display-widget/default.theme/scss/*.scss",
            "includes/widgets/host-connector-widget/default.theme/scss/*.scss",
            "includes/widgets/log-display-widget/default.theme/scss/*.scss",
            "includes/widgets/page-inspector-widget/default.theme/scss/*.scss",
            "bower_components/laxar-affix-control/default.theme/scss/*.scss",
            "bower_components/laxar-input-control/default.theme/scss/*.scss",
            "application/layouts/tools/default.theme/scss/*.scss"
         ],
         "event": [
            "changed",
            "added"
         ],
         "options": {
            "livereload": false
         }
      }
   }
}
