{
   "cssmin": {
      "laxar-flow-main": {
         "files": [
            {
               "src": [
                  "bower_components/laxar-uikit/dist/themes/default.theme/css/theme.css",
                  "includes/widgets/developer-toolbar-widget/default.theme/css/developer-toolbar-widget.css",
                  "includes/widgets/events-display-widget/default.theme/css/events-display-widget.css",
                  "includes/widgets/log-display-widget/default.theme/css/log-display-widget.css",
                  "includes/widgets/page-inspector-widget/default.theme/css/page-inspector-widget.css",
                  "application/layouts/tools/default.theme/css/tools.css"
               ],
               "dest": "var/flows/main/dist/default.theme.css"
            }
         ],
         "options": {
            "sourceMap": true,
            "rebase": true,
            "target": "var/flows/main/dist",
            "keepSpecialComments": 0,
            "saveConfig": true,
            "tasks": [
               "cssmin:laxar-flow-main"
            ],
            "flow": {
               "target": "main",
               "src": "application/flow/flow.json"
            },
            "testDirectory": "var/tests"
         }
      }
   }
}
