{
   "concat": {
      "laxar-flow-main": {
         "options": {
            "separator": "require.paths[ 'laxar-path-flow' ] = \"../application/flow/flow.json\";\nrequire.baseUrl = (typeof window !== \"undefined\" && window.laxar && window.laxar.amd && window.laxar.amd.baseUrl) || require.baseUrl;\n"
         },
         "src": [
            "var/flows/main/require_config.js",
            "bower_components/requirejs/require.js"
         ],
         "dest": "var/flows/main/work/require-configured.js"
      }
   },
   "requirejs": {
      "laxar-flow-main": {
         "options": {
            "flow": {
               "target": "main",
               "src": "application/flow/flow.json"
            },
            "baseUrl": "bower_components/",
            "mainConfigFile": "var/flows/main/require_config.js",
            "name": "../init",
            "optimize": "none",
            "deps": [
               "laxar-application/var/flows/main/work/require-configured"
            ],
            "out": "var/flows/main/dist/bundle.js",
            "saveConfig": true,
            "tasks": [
               "concat:laxar-flow-main",
               "requirejs:laxar-flow-main"
            ],
            "testDirectory": "var/tests"
         }
      }
   }
}
