{
   "name": "developer-toolbar-widget",
   "description": "Allows to show widget outlines and to display an alignment grid for the host application",

   "integration": {
      "technology": "angular",
      "type": "widget"
   },

   "features": {
      "$schema": "http://json-schema.org/draft-04/schema#",
      "type": "object",
      "required": [ "grid" ],
      "properties": {
         "grid": {
            "type": "object",
            "required": [ "resource" ],
            "properties": {
               "resource": {
                  "type": "string",
                  "format": "topic",
                  "axRole": "inlet"
               }
            }
         },
         "tabs": {
            "type": "object",
            "required": [],
            "properties": {
               "parameter": {
                  "type": "string",
                  "format": "topic",
                  "default": "events"
               }
            }
         },
         "detailsOn": {
            "type": "array",
            "description": "Publish the state if a LaxarJS application is running in the inspected window.",
            "items": {
               "type": "string",
               "format": "flag-topic",
               "axPattern": "flag",
               "description": "The topic through which to publish the current state."
            }
         }
      }
   }
}
