{
   "application": {
      "flow": {
         "flow.json": "{\"places\":{\"entry\":{\"redirectTo\":\"tools/events\"},\"tools/:tab\":{\"page\":\"tools\"}}}"
      },
      "layouts": {
         "tools": {
            "default.theme": {
               "css": {
                  "tools.css": 1
               },
               "tools.html": "<div class=\"fluid-container\"> <div class=\"app-toolbar\"> <div data-ax-widget-area=\"toolbar\"></div> </div> </div> "
            }
         }
      },
      "pages": {
         "tools.json": "{\"layout\":\"tools\",\"areas\":{\"activities\":[{\"widget\":\"host-connector-widget\",\"features\":{\"events\":{\"stream\":\"eventBusItems\"},\"log\":{\"stream\":\"logItems\"},\"pageInfo\":{\"resource\":\"pageInfo\"},\"grid\":{\"resource\":\"gridSettings\"},\"laxarApplication\":{\"flag\":\"isLaxarApplication\"}}}],\"toolbar\":[{\"widget\":\"developer-toolbar-widget\",\"id\":\"tabs\",\"features\":{\"grid\":{\"resource\":\"gridSettings\"},\"tabs\":{\"parameter\":\"tab\"},\"detailsOn\":[\"isLaxarApplication\"]}}],\"tabs.page\":[{\"widget\":\"page-inspector-widget\",\"features\":{\"pageInfo\":{\"resource\":\"pageInfo\"},\"filter\":{\"resource\":\"eventFilter\"}}}],\"tabs.events\":[{\"widget\":\"events-display-widget\",\"features\":{\"events\":{\"stream\":\"eventBusItems\"},\"filter\":{\"resource\":\"eventFilter\"}}}],\"tabs.log\":[{\"widget\":\"log-display-widget\",\"features\":{\"log\":{\"stream\":\"logItems\"}}}]}}"
      }
   },
   "bower_components": {
      "laxar-affix-control": {
         "control.json": "{\"name\":\"ax-affix-control\",\"integration\":{\"technology\":\"angular\"}}"
      },
      "laxar-input-control": {
         "control.json": "{\"name\":\"ax-input-control\",\"integration\":{\"technology\":\"angular\"}}"
      },
      "laxar-uikit": {
         "dist": {
            "themes": {
               "default.theme": {
                  "css": {
                     "theme.css": 1
                  }
               }
            }
         }
      }
   },
   "includes": {
      "widgets": {
         "developer-toolbar-widget": {
            "default.theme": {
               "css": {
                  "developer-toolbar-widget.css": 1
               },
               "developer-toolbar-widget.html": "<div class=\"pull-right\" ng-if=\"model.laxar\"> <button class=\"btn btn-link\" ng-show=\"resources.grid\" ng-attr-title=\"{{ model.toggleGridTitle }}\" type=\"button\" ng-click=\"toggleGrid()\" ><i class=\"fa\" ng-class=\"{ 'fa-toggle-off': !model.gridOverlay, 'fa-toggle-on': model.gridOverlay }\" ></i>&nbsp;{{model.gridOverlay ? 'Turn off grid overlay' : 'Turn on grid overlay'}}</button> <button class=\"btn btn-link\" type=\"button\" ng-click=\"toggleWidgetOutline()\" ><i class=\"fa\" ng-class=\"{ 'fa-toggle-off': !model.widgetOverlay, 'fa-toggle-on': model.widgetOverlay }\" ></i>&nbsp;{{model.widgetOverlay ? 'Turn off widget outline' : 'Turn on widget outline'}}</button> </div> <ul class=\"nav nav-tabs\" role=\"tablist\"> <li><a class=\"developer-toolbar-icon\" title=\"LaxarJS Documentation\" href=\"http://www.laxarjs.org/docs\" target=\"_blank\"></a></li> <li ng-if=\"model.laxar\" ng-repeat=\"tab in model.tabs\" ng-class=\"{ 'ax-active': model.activeTab.name == tab.name }\" ><a href=\"\" ng-click=\"activateTab( tab )\">{{ tab.label }}</a></li> <li class=\"developer-toolbar-hint\" ng-if=\"!model.laxar\" ng-bind=\"model.noLaxar\"> </li> </ul> <div ng-repeat=\"tab in model.tabs\" ng-show=\"model.activeTab == tab && model.laxar\" class=\"app-tab app-tab-page\" data-ax-widget-area data-ax-widget-area-binding=\"tab.name\"></div> "
            },
            "widget.json": "{\"name\":\"developer-toolbar-widget\",\"description\":\"Allows to show widget outlines and to display an alignment grid for the host application\",\"integration\":{\"technology\":\"angular\",\"type\":\"widget\"},\"features\":{\"$schema\":\"http://json-schema.org/draft-04/schema#\",\"type\":\"object\",\"required\":[\"grid\"],\"properties\":{\"grid\":{\"type\":\"object\",\"required\":[\"resource\"],\"properties\":{\"resource\":{\"type\":\"string\",\"format\":\"topic\",\"axRole\":\"inlet\"}}},\"tabs\":{\"type\":\"object\",\"required\":[],\"properties\":{\"parameter\":{\"type\":\"string\",\"format\":\"topic\",\"default\":\"events\"}}},\"detailsOn\":{\"type\":\"array\",\"description\":\"Publish the state if a LaxarJS application is running in the inspected window.\",\"items\":{\"type\":\"string\",\"format\":\"flag-topic\",\"axPattern\":\"flag\",\"description\":\"The topic through which to publish the current state.\"}}}}}"
         },
         "events-display-widget": {
            "default.theme": {
               "css": {
                  "events-display-widget.css": 1
               },
               "events-display-widget.html": "<div class=\"ax-affix-area\" ax-affix ax-affix-offset-top=\"100\"> <div ng-if=\"!model.eventInfos.length\" class=\"text-large\"> <h4 class=\"text-primary\">Empty Events List</h4> <p><i class=\"fa fa-clock-o\"></i> Waiting for events from host application...</p> </div> <div ng-if=\"model.eventInfos.length && !model.visibleEventInfos.length\" class=\"text-large\"> <h4 class=\"text-primary\">0/{{ model.eventInfos.length }} Event Items</h4> <p>No events matching current filters.</p> <p><button type=\"button\" class=\"btn btn-sm btn-primary\" ng-click=\"commands.clearFilters()\">Show All</button></p> </div> <div ng-if=\"model.problemSummary.hasProblems\" class=\"text-large\"> <h4 class=\"text-primary ax-error\">{{ model.problemSummary.eventInfos.length }}/{{ model.eventInfos.length }} Events with Problems</h4> <ul> <li ng-repeat=\"event in model.problemSummary.eventInfos\"> <h5><strong>{{ event.name }}</strong> <em>(source: {{ event.source }})</em></h5> <ul> <li ng-repeat=\"problem in event.problems track by problem.description\" class=\"ax-event-problem\"> <i class=\"fa fa-warning ax-error\"></i> {{ problem.description }} </li> </ul> </li> </ul> <p class=\"ax-event-problems-explanation\"> Events with problems are marked <strong class=\"ax-error\">red</strong> in the events table. Filter by event/source as needed. </p> </div> <div ng-if=\"model.visibleEventInfos.length\" class=\"text-large\"> <h4 class=\"text-primary\">{{ model.visibleEventInfos.length }}/{{ model.eventInfos.length }} Events</h4> </div> <div class=\"ax-button-wrapper form-inline\"> <div class=\"form-group form-group-sm\"> <label ax-for=\"'search'\"><small>Filters:</small></label> <input class=\"form-control input-sm\" placeholder=\"Search (RegExp)\" ax-id=\"'search'\" ng-model=\"model.settings.namePattern\"> <label ax-for=\"'limit'\"><small>Limit:</small></label> <input class=\"form-control input-sm\" ax-id=\"'limit'\" ng-model=\"model.settings.visibleEventsLimit\" ng-model-options=\"{ updateOn: 'default' }\" ax-input=\"integer\" ax-input-minimum-value=\"0\" ax-input-maximum-value=\"features.events.bufferSize\" placeholder=\"0-{{ features.events.bufferSize }}\" maxlength=\"4\"> </div> <!-- Filters menu --> <div class=\"btn-group btn-group-sm\" ng-class=\"{ 'open': view.showPatterns }\" ng-mouseenter=\"view.showPatterns = true\" ng-mouseleave=\"view.showPatterns = false\"> <button type=\"button\" class=\"btn btn-default dropdown-toggle\" data-toggle=\"dropdown\" aria-expanded=\"{{ view.showPatterns }}\"> More <span class=\"caret\"></span> </button> <div class=\"dropdown-menu container col-lg-6\" role=\"menu\"> <div class=\"row\"> <div class=\"ax-event-settings-col first\"> <h4>Patterns</h4> <div ng-repeat=\"pattern in model.patterns track by pattern.name\"> <button type=\"button\" class=\"btn btn-link ax-event-setting-toggle\" ng-click=\"model.settings.patterns[ pattern.name ] = !model.settings.patterns[ pattern.name ]\"> <span class=\"ax-event-pattern\" ng-bind-html=\"pattern.htmlIcon\"></span> {{ pattern.name }} <i class=\"fa pull-right ax-event-setting-toggle\" ng-class=\"{ 'fa-toggle-off': !model.settings.patterns[ pattern.name ], 'fa-toggle-on': model.settings.patterns[ pattern.name ] }\"></i> </button> </div> </div> <div class=\"ax-event-settings-col last\"> <h4>Interactions</h4> <div ng-repeat=\"(interaction, enabled) in model.settings.interactions track by interaction\"> <button type=\"button\" class=\"btn btn-link ax-event-setting-toggle\" ng-click=\"model.settings.interactions[ interaction ] = !enabled\" >{{ interaction }}<i class=\"fa pull-right ax-event-setting-toggle\" ng-class=\"{ 'fa-toggle-off': !enabled, 'fa-toggle-on': enabled }\"></i> </button> </div> <br> <h4>Sources</h4> <div ng-repeat=\"(source, enabled) in model.settings.sources track by source\"> <button type=\"button\" class=\"btn btn-link ax-event-setting-toggle\" ng-click=\"model.settings.sources[ source ] = !enabled\" >{{ source }}<i class=\"fa pull-right ax-event-setting-toggle\" ng-class=\"{ 'fa-toggle-off': !enabled, 'fa-toggle-on': enabled }\"></i> </button> </div> </div> </div> <div class=\"row\"> <div class=\"ax-event-settings-col first\">&nbsp;</div> <div class=\"ax-event-settings-col last\"> <div class=\"pull-right\"> <button type=\"button\" class=\"btn btn-xs btn-primary\" ng-click=\"commands.setAll( true )\">All On</button> <button type=\"button\" class=\"btn btn-xs btn-primary\" ng-click=\"commands.setAll( false )\">All Off</button> <button type=\"button\" class=\"btn btn-xs\" ng-click=\"commands.setDefaults()\">Defaults</button> </div> </div> </div> </div> </div> <button class=\"btn btn-primary btn-sm\" type=\"button\" ng-class=\"{ 'ax-disabled': !model.eventInfos.length }\" ng-click=\"commands.discard()\">Discard Events</button> </div> <div class=\"form-inline events-display-filter-items\" ng-if=\"resources.filter.topics.length || resources.filter.participants.length\"> <a class=\"btn btn-xs btn-link\" href=\"#/tools/page\">Page selection</a> <span class=\"btn btn-xs btn-info\" ng-repeat=\"item in resources.filter.topics track by item.topic\" ng-class=\"'ax-events-display-pattern-' + item.pattern\"> {{item.topic}} </span><span class=\"btn btn-xs btn-info\" ng-repeat=\"item in resources.filter.participants track by item.participant\" ng-class=\"'ax-events-display-kind-' + item.kind\"> {{item.participant}} </span> </div> </div> <table ng-if=\"model.visibleEventInfos.length\" class=\"table\"> <colgroup> <col class=\"ax-col-pattern-icon\"> <col class=\"ax-col-interaction\"> <col class=\"ax-col-payload-icon\"> <col class=\"ax-col-name\"> <col class=\"ax-col-source\"> <col class=\"ax-col-target\"> <col class=\"ax-col-cycle\"> <col class=\"ax-col-timestamp\"> </colgroup> <thead> <tr> <th>&nbsp;</th> <th>Action</th> <th>&nbsp;</th> <th>Event Name</th> <th>Source</th> <th>Target</th> <th class=\"text-right\">Cycle</th> <th class=\"text-right\">Time<i class=\"fa fa-long-arrow-up\"></i></th> </tr> </thead> <tbody ng-repeat=\"event in model.visibleEventInfos\" ng-class=\"'ax-event-pattern-' + event.pattern + ' ax-event-interaction-' + event.interaction + ( event.selected ? ' ax-event-selected' : '' ) + ( event.problems.length ? ' ax-event-has-problems' : '' )\" ng-click=\"commands.select( event )\"> <tr class=\"ax-event-summary\"> <td class=\"ax-col-pattern-icon\" title=\"{{ event.pattern }}\" ng-bind-html=\"view.patternsByName[ event.pattern ].htmlIcon\"></td> <td class=\"ax-col-interaction\">{{event.interaction}}</td> <td class=\"ax-col-payload-icon\"> <button type=\"button\" class=\"btn-link btn-info\" ng-if=\"event.interaction == 'publish' && !event.showDetails\" ng-click=\"event.showDetails = true; $event.stopPropagation();\"><i class=\"fa fa-plus-square\">&nbsp;</i></button> <button type=\"button\" class=\"btn-link btn-info\" ng-if=\"event.interaction == 'publish' && event.showDetails\" ng-click=\"event.showDetails = false; $event.stopPropagation();\"><i class=\"fa fa-minus-square\" >&nbsp;</i></button> </td> <td ng-bind-html=\"event.htmlName\"></td> <td ng-bind-html=\"event.htmlSource\"></td> <td ng-bind-html=\"event.htmlTarget\"></td> <td class=\"ax-col-cycle text-right\">{{event.cycleId}}</td> <td class=\"text-right\"><span>{{event.formattedTime.upper}}</span><br /><span>{{event.formattedTime.lower}}</span></td> </tr> <tr class=\"ax-event-payload\" ng-if=\"event.problems.length\"> <td colspan=\"3\"></td> <td colspan=\"5\"> <ul> <li ng-repeat=\"problem in event.problems track by problem.description\" class=\"ax-event-problem\"> <i class=\"fa fa-warning\"></i> {{ problem.description }} </li> </ul> </td> </tr> <tr class=\"ax-event-payload\" ng-if=\"event.showDetails\"> <td colspan=\"3\"></td> <td colspan=\"5\" ><pre>{{event.formattedEvent}}</pre></td> </tr> </tbody> </table> "
            },
            "widget.json": "{\"name\":\"events-display-widget\",\"description\":\"Displays events from the event bus.\",\"integration\":{\"technology\":\"angular\",\"type\":\"widget\"},\"controls\":[\"laxar-input-control\",\"laxar-affix-control\"],\"features\":{\"$schema\":\"http://json-schema.org/draft-04/schema#\",\"type\":\"object\",\"requires\":[\"events\"],\"properties\":{\"events\":{\"type\":\"object\",\"description\":\"Display event bus activity received through wrapper events.\",\"requires\":[\"stream\"],\"properties\":{\"stream\":{\"type\":\"string\",\"description\":\"The event topic through which to gather events.\"},\"bufferSize\":{\"type\":\"integer\",\"description\":\"Maximum number of event items to keep in memory.\",\"default\":5000}}},\"filter\":{\"type\":\"object\",\"description\":\"Controls filter settings\",\"properties\":{\"hidePatterns\":{\"type\":\"array\",\"description\":\"Controls pattern-related default filter settings\",\"default\":[\"visibility\",\"i18n\"]},\"hideSources\":{\"type\":\"array\",\"description\":\"Controls source-related default filter settings\",\"default\":[]},\"hideInteractions\":{\"type\":\"array\",\"description\":\"Controls interaction-related default filter settings\",\"default\":[\"subscribe\",\"unsubscribe\"]},\"resource\":{\"type\":\"string\",\"description\":\"The event topic through which to receive filter information\",\"format\":\"topic\",\"axRole\":\"outlet\"}}}}}}"
         },
         "host-connector-widget": {
            "widget.json": "{\"name\":\"host-connector-widget\",\"description\":\"Connects the contents of the development window to the AxDeveloperToolsWidget\",\"integration\":{\"technology\":\"angular\",\"type\":\"widget\"},\"features\":{\"$schema\":\"http://json-schema.org/draft-04/schema#\",\"type\":\"object\",\"properties\":{\"events\":{\"type\":\"object\",\"description\":\"Publish a stream of event bus activity through wrapper events.\",\"properties\":{\"stream\":{\"type\":\"string\",\"description\":\"The topic through which to publish event items.\",\"default\":null}}},\"log\":{\"type\":\"object\",\"description\":\"Publish a stream of log items through wrapper events.\",\"properties\":{\"stream\":{\"type\":\"string\",\"description\":\"The topic through which to publish log items.\",\"default\":null}}},\"pageInfo\":{\"type\":\"object\",\"description\":\"Publish the current page for inspection.\",\"properties\":{\"resource\":{\"type\":\"string\",\"description\":\"The topic through which to publish the current page.\",\"default\":null}}},\"grid\":{\"type\":\"object\",\"description\":\"Publish application-specific grid configuration set by the host application.\",\"properties\":{\"resource\":{\"type\":\"string\",\"description\":\"A resource through which to publish grid settings.\",\"default\":null}}},\"development\":{\"type\":\"object\",\"properties\":{\"liveReload\":{\"type\":\"boolean\",\"default\":true}}},\"laxarApplication\":{\"type\":\"object\",\"description\":\"Publish the state of the inspected window. True if a LaxarJS application is running.\",\"required\":[\"flag\"],\"properties\":{\"flag\":{\"type\":\"string\",\"format\":\"flag-topic\",\"description\":\"The topic through which to publish the current state.\"}}}}}}"
         },
         "log-display-widget": {
            "default.theme": {
               "css": {
                  "log-display-widget.css": 1
               },
               "log-display-widget.html": "<div class=\"ax-affix-area\" ax-affix ax-affix-offset-top=\"100\"> <div class=\"ax-button-wrapper\"> <button type=\"button\" class=\"btn btn-primary btn-sm\" ng-class=\"{ 'ax-disabled': !model.messages.length }\" ng-click=\"commands.discard()\">Clear</button> </div> </div> <div ng-if=\"!model.messages.length\" class=\"text-large\"> <h4 class=\"text-primary\">No Log Messages</h4> <p><i class=\"fa fa-clock-o\"></i> Waiting for messages from host application...</p> </div> <table ng-if=\"model.messages.length\" class=\"table table-striped table-hover\"> <thead> <tr> <th>Level</th> <th>Message</th> <th>Location</th> <th>Time</th> </tr> </thead> <tbody> <tr ng-repeat=\"message in model.messages\"> <td>{{message.level}}</td> <td>{{message.text}}</td> <td>{{message.location}}</td> <td>{{message.time | logDisplayFormattedDate}}</td> </tr> </tbody> </table> "
            },
            "widget.json": "{\"name\":\"log-display-widget\",\"description\":\"Displays log messages to the user.\",\"integration\":{\"technology\":\"angular\",\"type\":\"widget\"},\"controls\":[\"laxar-affix-control\"],\"features\":{\"$schema\":\"http://json-schema.org/draft-04/schema#\",\"type\":\"object\",\"requires\":[\"log\"],\"log\":{\"type\":\"object\",\"description\":\"Display log messages received through wrapper events.\",\"properties\":{\"stream\":{\"type\":\"string\",\"description\":\"The topic through which to gather log messages.\"},\"bufferSize\":{\"type\":\"integer\",\"description\":\"Maximum number of log message items to keep in memory.\",\"default\":5000}}}}}"
         },
         "page-inspector-widget": {
            "default.theme": {
               "css": {
                  "page-inspector-widget.css": 1
               }
            },
            "widget.json": "{\"name\":\"page-inspector-widget\",\"description\":\"Visualizes the widgets on the current page and their event connections\",\"integration\":{\"technology\":\"react\",\"type\":\"widget\"},\"features\":{\"$schema\":\"http://json-schema.org/draft-04/schema#\",\"type\":\"object\",\"properties\":{\"pageInfo\":{\"type\":\"object\",\"description\":\"Inspect page models received through wrapper events.\",\"requires\":[\"resource\"],\"properties\":{\"resource\":{\"type\":\"string\",\"description\":\"The event topic through which to monitor pages.\",\"format\":\"topic\",\"axRole\":\"inlet\"}}},\"filter\":{\"type\":\"object\",\"description\":\"Allows to filter by topic or widget/activity instance\",\"requires\":[\"resource\"],\"properties\":{\"resource\":{\"type\":\"string\",\"description\":\"The topic through which to publish filter information\",\"format\":\"topic\",\"axRole\":\"outlet\"}}}}}}"
         }
      }
   }
}
