{
   "name": "log-display-widget",
   "description": "Displays log messages to the user.",

   "integration": {
      "technology": "angular",
      "type": "widget"
   },

   "controls": [
      "laxar-affix-control"
   ],

   "features": {
      "$schema": "http://json-schema.org/draft-04/schema#",
      "type": "object",
      "requires": [ "log" ],
      "log": {
         "type": "object",
         "description": "Display log messages received through wrapper events.",
         "properties": {
            "stream": {
               "type": "string",
               "description": "The topic through which to gather log messages."
            },
            "bufferSize": {
               "type": "integer",
               "description": "Maximum number of log message items to keep in memory.",
               "default": 5000
            }
         }
      }
   }
}
